Submission ID,Common Name,Scientific Name,Taxonomic Order,Count,State/Province,County,Location ID,Location,Latitude,Longitude,Date,Time,Body Color,Head Color,Leg Color,Protocol,Duration (Min),All Obs Reported,Distance Traveled (km),Area Covered (ha),Number of Observers,Breeding Code,Observation Details,Checklist Comments,ML Catalog Numbers
S165881679,Lesser Rhea,Rhea pennata,16,X,CL-AN,San Pedro de Atacama,L30066359,Pedro’s Rojo,-23.739026,-67.831813,2024-03-24,,Brown,Grey,Grey,eBird - Casual Observation,,0,,,1,,,,
S145293519,Canada Goose,Branta canadensis,324,X,US-CA,Contra Costa,L26023043,Home,37.772798,-121.955052,2023-07-22,,Brown,Black,Black,eBird - Casual Observation,,0,,,1,,,,
S145790044,Canada Goose,Branta canadensis,324,X,US-CA,Contra Costa,L26023043,Home,37.772798,-121.955052,2023-07-27,08:43 PM,Brown,Black,Black,eBird - Casual Observation,,0,,,1,,,,
S146429970,Canada Goose,Branta canadensis,324,X,US-CA,Contra Costa,L26023043,Home,37.772798,-121.955052,2023-08-04,11:03 AM,Brown,Black,Black,eBird - Casual Observation,,0,,,1,,,,
S191710822,Whooper Swan,Cygnus cygnus,371,X,US-CA,Tuolumne,L35827615,Sebastiani,37.853162,-120.18441,2024-08-16,05:53 PM,White,,Black,eBird - Casual Observation,,0,,,1,,,,
S166049375,Andean Goose,Oressochen melanopterus,381,X,CL-AN,San Pedro de Atacama,L30097862,Vado Rio Putana,-22.497637,-68.06354,2024-03-26,01:11 PM,Black,White,Orange,eBird - Casual Observation,,0,,,1,,,,
S166049558,Puna Teal,Spatula puna,459,X,CL-AN,San Pedro de Atacama,L30097862,Vado Rio Putana,-22.497637,-68.06354,2024-03-26,01:12 PM,Brown,Light Blue,Grey,eBird - Casual Observation,,0,,,1,,,,
S146551302,Mallard,Anas platyrhynchos,515,X,US-CA,Calaveras,L26419768,Fly In Acres,38.24689,-120.335438,2023-08-05,05:56 PM,Light Brown,Green,Orange,eBird - Casual Observation,,0,,,1,,,,
S146555811,Mallard,Anas platyrhynchos,515,X,US-CA,Calaveras,L26419768,Fly In Acres,38.24689,-120.335438,2023-08-05,05:56 PM,Light Brown,Green,Orange,eBird - Casual Observation,,0,,,1,,,,
S150325204,Mallard,Anas platyrhynchos,515,X,IT-21,,L27169511,Lego D Orta,45.796795,8.40647,2023-09-20,02:25 PM,Light Brown,Green,Orange,eBird - Casual Observation,,0,,,1,,,,
S166049785,Yellow-billed Teal,Anas flavirostris,591,X,CL-AN,San Pedro de Atacama,L30097862,Vado Rio Putana,-22.497637,-68.06354,2024-03-26,01:14 PM,Light Brown,Brown,Grey,eBird - Casual Observation,,0,,,1,,,,
S158919199,Ruddy Duck,Oxyura jamaicensis,736,X,US-CA,Contra Costa,L28786455,Bishop Ranch Pond,37.763909,-121.963626,2024-01-14,02:00 PM,Chestnut,Light Blue,Black,eBird - Casual Observation,,0,,,1,,,,
S180617433,Mountain Quail,Oreortyx pictus,966,X,US-CA,Calaveras,L33138485,Vista Point,38.409391,-120.138533,2024-06-10,10:10 AM,Brown,Grey ,White,eBird - Casual Observation,,0,,,1,,,,
S168007479,California Quail,Callipepla californica,1045,X,US-CA,Monterey,L30507545,Hacienda,36.526046,-121.682563,2024-04-10,,Grey,Black,Light Brown,eBird - Casual Observation,,0,,,1,,,,
S148456082,Wild Turkey,Meleagris gallopavo,1222,X,US-MN,Hubbard,L26821489,Jim’s Cottage,47.00078,-94.924378,2023-08-15,,Brown,Light Red,Light Brown,eBird - Casual Observation,,0,,,1,,,,
S149227044,Wild Turkey,Meleagris gallopavo,1222,X,US-KS,Thomas,L26982919,San Ramon Medical Center,39.287732,-101.271789,2023-09-07,06:02 PM,Brown,Light Red,Light Brown,eBird - Casual Observation,,0,,,1,,,,
S157581698,Indian Peafowl,Pavo cristatus,1515,X,PT-11,Lisboa,L28534505,Castle Sao Jorge,38.713609,-9.13341,2023-12-31,12:34 PM,Green,Blue,Grey,eBird - Casual Observation,,0,,,1,,,,
S165882434,Chilean Flamingo,Phoenicopterus chilensis,1786,X,CL-AN,San Pedro de Atacama,L30066460,Chaxa,-23.328817,-68.166466,2024-03-24,08:16 PM,Pink,Pink,Grey,eBird - Casual Observation,,0,,,1,,,,
S166051047,Andean Flamingo,Phoenicoparrus andinus,1794,X,CL-AN,San Pedro de Atacama,L30097862,Vado Rio Putana,-22.497637,-68.06354,2024-03-26,01:23 PM,Pink,Pink ,Yellow,eBird - Casual Observation,,0,,,1,,,,
S165882208,James's Flamingo,Phoenicoparrus jamesi,1795,X,CL-AN,San Pedro de Atacama,L30066460,Chaxa,-23.328817,-68.166466,2024-03-24,08:13 PM,Pink,Pink,Red,eBird - Casual Observation,,0,,,1,,,,
S166050641,Silvery Grebe,Podiceps occipitalis,1858,X,CL-AN,San Pedro de Atacama,L30097862,Vado Rio Putana,-22.497637,-68.06354,2024-03-26,01:20 PM,Light Grey,Grey,Black,eBird - Casual Observation,,0,,,1,,,,
S150030047,Rock Pigeon,Columba livia,1874,X,US-CA,Alameda,L27113539,Marina Park,37.691282,-122.185451,2023-09-16,,Light Grey,Blue Grey,Pink,eBird - Casual Observation,,0,,,1,,,,
S150844865,Eurasian Collared-Dove,Streptopelia decaocto,2051,X,IT-42,,L27250911,Manarola,44.106598,9.727195,2023-09-27,,Light Grey ,Light Grey,Pink,eBird - Casual Observation,,0,,,1,,,,
S166054851,West Peruvian Dove,Zenaida meloda,2403,X,CL-AN,San Pedro de Atacama,L30074065,Poblado Kimal,-22.912124,-68.20244,2024-03-26,,Light Grey,Light Brown,Red,eBird - Casual Observation,,0,,,1,,,,
S145294254,Mourning Dove,Zenaida macroura,2427,X,US-CA,Contra Costa,L26023043,Home,37.772798,-121.955052,2023-07-22,09:57 AM,Light Brown ,Light Brown ,Pink,eBird - Casual Observation,,0,,,1,,,,
S147383918,Eastern Whip-poor-will,Antrostomus vociferus,3630,X,CA-ON,Parry Sound,L26589448,Cottage,45.621053,-80.421,2023-08-16,05:55 AM,Brown,Black,Black,eBird - Casual Observation,,0,,,1,,,,
S150531562,Alpine Swift,Tachymarptis melba,4053,X,IT-21,,L27159599,Stresa,45.885627,8.535828,2023-09-23,,White,Brown,Pink,eBird - Casual Observation,,0,,,1,,,,
S150584506,Alpine Swift,Tachymarptis melba,4053,X,IT-21,,L27159599,Stresa,45.885627,8.535828,2023-09-23,08:17 AM,White,Brown,Pink,eBird - Casual Observation,,0,,,1,,,,
S150584788,Alpine Swift,Tachymarptis melba,4053,X,IT-21,,L27159599,Stresa,45.885627,8.535828,2023-09-23,08:17 AM,White,Brown,Pink,eBird - Casual Observation,,0,,,1,,,,
S151453774,Pallid Swift,Apus pallidus,4078,X,IT-42,,L27380858,Genoa,44.412079,8.932,2023-09-29,01:54 PM,Brown,Light Brown,Pink,eBird - Casual Observation,,0,,,1,,,,
S168008310,White-throated Swift,Aeronautes saxatalis,4134,X,US-CA,Monterey,L30507545,Hacienda,36.526046,-121.682563,2024-04-10,,Light Brown,White,Pink,eBird - Casual Observation,,0,,,1,,,,
S144915721,Anna's Hummingbird,Calypte anna,4787,X,US-KS,Brown,L26023516,Home,39.683228,-95.78558,2023-07-18,,Green,Pink,Grey,eBird - Casual Observation,,0,,,1,,,,
S150397326,Eurasian Coot,Fulica atra,5461,X,CH-TI,,L27182426,Locarno,46.169694,8.801185,2023-09-21,02:23 PM,Black,White,Yellow,eBird - Casual Observation,,0,,,1,,,,
S158918695,American Coot,Fulica americana,5474,X,US-CA,Contra Costa,L28786455,Bishop Ranch Pond,37.763909,-121.963626,2024-01-14,,Grey,White,Yellow,eBird - Casual Observation,,0,,,1,,,,
S165882623,Andean Avocet,Recurvirostra andina,5750,X,CL-AN,San Pedro de Atacama,L30066460,Chaxa,-23.328817,-68.166466,2024-03-24,08:18 PM,Black,White,Grey,eBird - Casual Observation,,0,,,1,,,,
S150027748,Black-bellied Plover,Pluvialis squatarola,5782,X,US-CA,Alameda,L27112877,Hayward Seashore,37.679007,-122.170937,2023-09-16,,Light Grey,Black,Black,eBird - Casual Observation,,0,,,1,,,,
S150028354,Killdeer,Charadrius vociferus,5798,X,US-CA,Alameda,L27112877,Hayward Seashore,37.679007,-122.170937,2023-09-16,,Light Brown,Brown,Light Brown,eBird - Casual Observation,,0,,,1,,,,
S150027680,Semipalmated Plover,Charadrius semipalmatus,5805,X,US-CA,Alameda,L27112877,Hayward Seashore,37.679007,-122.170937,2023-09-16,,Brown,Black ,Orange,eBird - Casual Observation,,0,,,1,,,,
S150027814,Semipalmated Plover,Charadrius semipalmatus,5805,X,US-CA,Alameda,L27113081,Hayward Seashore,37.68021,-122.172403,2023-09-16,09:34 AM,Brown,Black ,Orange,eBird - Casual Observation,,0,,,1,,,,
S150027881,Short-billed Dowitcher,Limnodromus griseus,6024,X,US-CA,Alameda,L27112877,Hayward Seashore,37.679007,-122.170937,2023-09-16,,Brown,Grey,Yellow,eBird - Casual Observation,,0,,,1,,,,
S166047999,Lesser Yellowlegs,Tringa flavipes,6109,X,CL-AN,San Pedro de Atacama,L30097862,Vado Rio Putana,-22.497637,-68.06354,2024-03-26,,Light Brown,Light Grey,Orange,eBird - Casual Observation,,0,,,1,,,,
S152070697,Willet,Tringa semipalmata,6111,1,US-NC,Dare,L27486752,Kyle’s,35.575762,-75.463815,2023-10-13,09:17 AM,Light Brown,Light Brown,Yellow,eBird - Stationary Count,3,0,,,1,,On outer banks beach,,
S152033372,Willet,Tringa semipalmata,6111,X,US-NC,Dare,L27488034,Kyle’s Beach,35.575278,-75.461595,2023-10-12,03:57 PM,Light Brown,Light Brown,Yellow,eBird - Casual Observation,,0,,,1,,,,
S152072431,Willet,Tringa semipalmata,6111,X,US-NC,Dare,L27495260,Pier,35.580809,-75.461626,2023-10-13,09:46 AM,Light Brown,Light Brown,Yellow,eBird - Casual Observation,,0,,,1,,,,
S166047866,Greater Yellowlegs,Tringa melanoleuca,6118,X,CL-AN,San Pedro de Atacama,L30097862,Vado Rio Putana,-22.497637,-68.06354,2024-03-26,12:31 PM,Brown,Light Brown,Yellow,eBird - Casual Observation,,0,,,1,,,,
S152701278,Sanderling,Calidris alba,6153,X,BS-MH,,L27613774,Cricketers,26.669528,-77.110376,2023-10-18,,White,Brown,Black,eBird - Casual Observation,,0,,,1,,,,
S150027963,Least Sandpiper,Calidris minutilla,6187,X,US-CA,Alameda,L27112877,Hayward Seashore,37.679007,-122.170937,2023-09-16,,White,Light Brown,Yellow,eBird - Casual Observation,,0,,,1,,,,
S152033169,Semipalmated Sandpiper,Calidris pusilla,6193,X,US-NC,Dare,L27488034,Kyle’s Beach,35.575278,-75.461595,2023-10-12,03:55 PM,White,Light Brown,Black,eBird - Casual Observation,,0,,,1,,,,
S152706292,Semipalmated Sandpiper,Calidris pusilla,6193,X,BS-MH,,L27613774,Cricketers,26.669528,-77.110376,2023-10-18,,White,Light Brown,Black,eBird - Casual Observation,,0,,,1,,,,
S151081471,Black-headed Gull,Chroicocephalus ridibundus,6434,X,IT-42,,L27312487,Gulf Of Genoa,44.382283,8.946756,2023-09-30,,Light Grey,Black,Red,eBird - Casual Observation,,0,,,1,,,,
S147296072,Ring-billed Gull,Larus delawarensis,6479,X,CA-ON,Parry Sound,L26589448,Cottage,45.621053,-80.421,2023-08-15,08:59 AM,Light Grey,White,Yellow,eBird - Casual Observation,,0,,,1,,,,
S147646812,Ring-billed Gull,Larus delawarensis,6479,X,CA-ON,Parry Sound,L26589448,Cottage,45.621053,-80.421,2023-08-19,06:36 PM,Light Grey,White,Yellow,eBird - Casual Observation,,0,,,1,,,,
S168039511,Western Gull,Larus occidentalis,6485,X,US-CA,Monterey,L30514539,Point Lobos,36.520485,-121.944982,2024-04-10,,Grey,White,Pink,eBird - Casual Observation,,0,,,1,,,,
S163650040,Herring Gull (American),Larus argentatus smithsonianus,6497,X,US-CA,Alameda,L29643139,Oakland,37.805213,-122.272504,2024-03-03,07:04 PM,Grey,White,Grey,eBird - Casual Observation,,0,,,1,,,,
S150749209,Yellow-legged Gull,Larus michahellis,6507,X,IT-42,,L27250911,Manarola,44.106598,9.727195,2023-09-25,,Grey,White,Yellow,eBird - Casual Observation,,0,,,1,,,,
S152070697,Sandwich Tern,Thalasseus sandvicensis,6713,20,US-NC,Dare,L27486752,Kyle’s,35.575762,-75.463815,2023-10-13,09:17 AM,Light Grey,Black,Black,eBird - Stationary Count,3,0,,,1,,Feeding,,
S152034262,Sandwich Tern,Thalasseus sandvicensis,6713,X,US-NC,Dare,L27488034,Kyle’s Beach,35.575278,-75.461595,2023-10-12,,Light Grey,Black,Black,eBird - Casual Observation,,0,,,1,,,,
S148446460,Common Loon,Gavia immer,6774,X,US-MN,Hubbard,L26821489,Jim’s Cottage,47.00078,-94.924378,2023-08-30,09:12 AM,Grey,Black,Black,eBird - Casual Observation,,0,,,1,,,,
S148598300,Common Loon,Gavia immer,6774,X,US-MN,Hubbard,L26821489,Jim’s Cottage,47.00078,-94.924378,2023-08-31,09:04 AM,Grey,Black,Black,eBird - Casual Observation,,0,,,1,,,,
S147369204,Common Loon,Gavia immer,6774,X,CA-ON,Parry Sound,L26589448,Cottage,45.621053,-80.421,2023-08-15,08:51 PM,Grey,Black,Black,eBird - Casual Observation,,0,,,1,,,,
S147589338,Common Loon,Gavia immer,6774,X,CA-ON,Parry Sound,L26589448,Cottage,45.621053,-80.421,2023-08-19,07:17 AM,Grey,Black,Black,eBird - Casual Observation,,0,,,1,,,,
S168282449,Brandt's Cormorant,Urile penicillatus,7216,X,US-CA,Monterey,L30563260,17 Mile Drive,36.610195,-121.95681,2024-04-12,,Black,Black,Black,eBird - Casual Observation,,0,,,1,,,,
S168045299,Pelagic Cormorant,Urile pelagicus,7218,X,US-CA,Monterey,L30515708,Cypress Grove Trail,36.522328,-121.953893,2024-04-10,,Black,Blue Grey,Black,eBird - Casual Observation,,0,,,1,,,,
S151202454,Great Cormorant,Phalacrocorax carbo,7224,X,IT-62,,L27336527,Ponte Garibaldi,41.892705,12.473631,2023-10-01,09:27 PM,Black,Grey,Black,eBird - Casual Observation,,0,,,1,,,,
S147491399,Double-crested Cormorant,Nannopterum auritum,7253,X,CA-ON,Sudbury,L26627766,Beside 69,45.929845,-80.57827,2023-08-17,,Black,Black,Black,eBird - Casual Observation,,0,,,1,,,,
S150026768,American White Pelican,Pelecanus erythrorhynchos,7288,X,US-CA,Alameda,L27112877,Hayward Seashore,37.679007,-122.170937,2023-09-16,,White,Yellow,Orange,eBird - Casual Observation,,0,,,1,,,,
S152292303,Brown Pelican,Pelecanus occidentalis,7289,X,US-NC,Dare,L27537147,Waves Beach,35.570135,-75.461484,2023-10-15,,Brown,Yellow,Black,eBird - Casual Observation,,0,,,1,,,,
S150026201,Snowy Egret,Egretta thula,7416,X,US-CA,Alameda,L27112767,Hayward Seashore,37.677733,-122.167744,2023-09-16,09:26 AM,White,White,Grey,eBird - Casual Observation,,0,,,1,,,,
S159365299,Great Egret,Ardea alba,7491,X,US-CA,Contra Costa,L28864241,Bishop Ranch Lake,37.764983,-121.964756,2024-01-18,,White,White,Black,eBird - Casual Observation,,0,,,1,,,,
S150026837,Great Blue Heron,Ardea herodias,7514,X,US-CA,Alameda,L27112877,Hayward Seashore,37.679007,-122.170937,2023-09-16,09:32 AM,Grey,White,Grey,eBird - Casual Observation,,0,,,1,,,,
S147293746,Great Blue Heron,Ardea herodias,7514,X,CA-ON,Parry Sound,L26589448,Cottage,45.621053,-80.421,2023-08-15,08:21 AM,Grey,White,Grey,eBird - Casual Observation,,0,,,1,,,,
S165381052,Andean Condor,Vultur gryphus,7618,X,CL-RM,San José de Maipo,L29968775,Maipo Bridge,-33.666559,-70.349967,2024-03-20,03:34 PM,Black,Pink,Grey,eBird - Casual Observation,,0,,,1,,,,
S148162701,Black Vulture,Coragyps atratus,7620,X,US-TX,Travis,L26772874,Marriott,30.210611,-97.753325,2023-08-26,04:44 PM,Black,Black,Grey,eBird - Casual Observation,,0,,,1,,,,
S145238925,Turkey Vulture,Cathartes aura,7624,X,US-CA,Contra Costa,L26102673,Lofaso’s,37.77087,-121.952236,2023-07-21,,Brown,Red,Pink,eBird - Casual Observation,,0,,,1,,,,
S183692651,Osprey,Pandion haliaetus,7640,X,US-NC,Currituck,L33895335,Currituck Sound,36.38321,-75.839643,2024-06-25,11:38 AM,Brown,White,White,eBird - Casual Observation,,0,,,1,,,,
S146970593,Cooper's Hawk,Accipiter cooperii,8122,X,US-KS,Brown,L26023516,Home,39.683228,-95.78558,2023-08-11,,Brown,Light Brown,Yellow,eBird - Casual Observation,,0,,,1,,,,
S148626394,Bald Eagle,Haliaeetus leucocephalus,8187,X,US-MN,Crow Wing,L26866556,Karen’s House,46.472745,-93.949242,2023-08-31,,Brown,White,Yellow,eBird - Casual Observation,,0,,,1,,,,
S157878458,Red-shouldered Hawk,Buteo lineatus,8284,X,US-CA,Contra Costa,L26291492,Home,37.772468,-121.954731,2024-01-02,,Chestnut,Brown,Yellow,eBird - Casual Observation,,0,,,1,,,,
S145062342,Red-tailed Hawk,Buteo jamaicensis,8312,X,US-CA,Contra Costa,L26023043,Home,37.772798,-121.955052,2023-07-19,06:30 PM,Light Brown,Brown,Yellow,eBird - Casual Observation,,0,,,1,,,,
S156124921,Barn Owl,Tyto alba,8416,X,US-CA,Contra Costa,L26023043,Home,37.772798,-121.955052,2023-12-10,10:40 PM,Golden Brown,White,White,eBird - Casual Observation,,0,,,1,,,,
S145463149,Great Horned Owl,Bubo virginianus,8705,X,US-CA,Contra Costa,L26023043,Home,37.772798,-121.955052,2023-07-23,08:35 PM,Brown,Chestnut,Light Brown,eBird - Casual Observation,,0,,,1,,,,
S146678298,Great Horned Owl,Bubo virginianus,8705,X,US-CA,Contra Costa,L26291492,Home,37.772468,-121.954731,2023-08-07,,Brown,Chestnut,Light Brown,eBird - Casual Observation,,0,,,1,,,,
S156114587,Great Horned Owl,Bubo virginianus,8705,X,US-CA,Contra Costa,L26023043,Home,37.772798,-121.955052,2023-12-10,04:37 PM,Brown,Chestnut,Light Brown,eBird - Casual Observation,,0,,,1,,,,
S149854948,Northern Pygmy-Owl,Glaucidium gnoma,8804,X,US-CA,Calaveras,L26428605,Cabin,38.247725,-120.344165,2023-09-14,05:56 AM,Light Brown,Brown,Yellow,eBird - Casual Observation,,0,,,1,,,,
S149854817,Northern Pygmy-Owl,Glaucidium gnoma,8804,X,US-UT,Emery,L27080225,Cabin,38.815184,-110.692396,2023-09-14,,Light Brown,Brown,Yellow,eBird - Casual Observation,,0,,,1,,,,
S149854864,Northern Pygmy-Owl,Glaucidium gnoma,8804,X,US-UT,Emery,L27080225,Cabin,38.815184,-110.692396,2023-09-14,,Light Brown,Brown,Yellow,eBird - Casual Observation,,0,,,1,,,,
S147298994,Belted Kingfisher,Megaceryle alcyon,10022,X,CA-ON,Parry Sound,L26589448,Cottage,45.621053,-80.421,2023-08-15,09:41 AM,Light Brown,Blue,Pink,eBird - Casual Observation,,0,,,1,,,,
S153135256,Acorn Woodpecker,Melanerpes formicivorus,10927,X,US-CA,Contra Costa,L27695504,Golf Guy,37.82913,-121.94835,2023-10-26,04:52 PM,Black,Red,Grey,eBird - Casual Observation,,0,,,1,,,,
S148771920,Downy Woodpecker,Dryobates pubescens,11175,X,US-MN,Crow Wing,L26866556,Karen’s House,46.472745,-93.949242,2023-09-02,09:14 AM,White,Black,Grey,eBird - Casual Observation,,0,,,1,,,,
S146000398,Nuttall's Woodpecker,Dryobates nuttallii,11185,X,US-KS,Brown,L26023516,Home,39.683228,-95.78558,2023-07-30,,Grey,Red,Black,eBird - Casual Observation,,0,,,1,,,,
S144931182,Nuttall's Woodpecker,Dryobates nuttallii,11185,X,US-CA,Contra Costa,L26023043,Home,37.772798,-121.955052,2023-07-18,09:58 AM,Grey,Red,Black,eBird - Casual Observation,,0,,,1,,,,
S146178370,Nuttall's Woodpecker,Dryobates nuttallii,11185,X,US-CA,Contra Costa,L26023043,Home,37.772798,-121.955052,2023-08-01,07:27 AM,Grey,Red,Black,eBird - Casual Observation,,0,,,1,,,,
S148446509,Hairy Woodpecker,Dryobates villosus,11202,X,US-MN,Hubbard,L26821489,Jim’s Cottage,47.00078,-94.924378,2023-08-30,09:14 AM,White,Black,Grey,eBird - Casual Observation,,0,,,1,,,,
S147385562,Hairy Woodpecker,Dryobates villosus,11202,X,CA-ON,Parry Sound,L26589448,Cottage,45.621053,-80.421,2023-08-16,06:49 AM,White,Black,Grey,eBird - Casual Observation,,0,,,1,,,,
S147384529,Pileated Woodpecker,Dryocopus pileatus,11527,X,CA-ON,Parry Sound,L26589448,Cottage,45.621053,-80.421,2023-08-16,06:20 AM,Black,Red,Black,eBird - Casual Observation,,0,,,1,,,,
S159952166,Northern Flicker,Colaptes auratus,11665,X,US-CA,Contra Costa,L26291492,Home,37.772468,-121.954731,2024-01-27,01:07 PM,Brown ,Chestnut,Grey,eBird - Casual Observation,,0,,,1,,,,
S163573603,Northern Flicker,Colaptes auratus,11665,X,US-CA,Contra Costa,L26023043,Home,37.772798,-121.955052,2024-03-03,08:30 AM,Brown ,Chestnut,Grey,eBird - Casual Observation,,0,,,1,,,,
S147385632,Northern Flicker,Colaptes auratus,11665,X,CA-ON,Parry Sound,L26604930,Cottage,45.620504,-80.420971,2023-08-16,06:52 AM,Brown ,Chestnut,Grey,eBird - Casual Observation,,0,,,1,,,,
S165379983,Chimango Caracara,Daptrius chimango,11735,X,CL-RM,San José de Maipo,L29968538,Picnic Stop,-33.665219,-70.34979,2024-03-20,03:20 PM,Light Brown,Brown,Yellow,eBird - Casual Observation,,0,,,1,,,,
S177866858,American Kestrel,Falco sparverius,11791,X,BS-MH,,L32505612,Cricketers,26.669963,-77.113276,2024-05-28,,Chestnut,Blue Grey,Orange,eBird - Casual Observation,,0,,,1,,,,
S151453779,Rose-ringed Parakeet,Psittacula krameri,12111,X,IT-42,,L27380858,Genoa,44.412079,8.932,2023-09-29,01:54 PM,Light Green,Light Green,Pink,eBird - Casual Observation,,0,,,1,,,,
S156908041,Monk Parakeet,Myiopsitta monachus,12576,X,ES-CT,Barcelona,L28391066,Park Guell,41.413863,2.152029,2023-12-23,11:13 AM,Light Green,Grey,Pink,eBird - Casual Observation,,0,,,1,,,,
S151453746,Monk Parakeet,Myiopsitta monachus,12576,X,ES-VC,Valencia,L27380848,Serrano Towers,39.48031,-0.3757,2023-10-05,09:10 AM,Light Green,Grey,Pink,eBird - Casual Observation,,0,,,1,,,,
S151453735,Red-masked Parakeet,Psittacara erythrogenys,12953,X,ES-VC,Valencia,L27380842,Cathedral,39.476623,-0.375501,2023-10-05,09:22 AM,Light Green,Red,Pink,eBird - Casual Observation,,0,,,1,,,,
S165883243,Rufous-banded Miner,Geositta rufipennis,14314,X,CL-AN,San Pedro de Atacama,L30066674,Pedras Rojas,-23.826387,-67.871055,2024-03-24,08:21 PM,Light Grey,Light Brown,Grey,eBird - Casual Observation,,0,,,1,,,,
S145062686,Western Wood-Pewee,Contopus sordidulus,16603,X,US-CA,Contra Costa,L26023043,Home,37.772798,-121.955052,2023-07-19,06:30 PM,Grey,Brown,Black,eBird - Casual Observation,,0,,,1,,,,
S180617295,Dusky Flycatcher,Empidonax oberholseri,16657,X,US-CA,Calaveras,L33138485,Vista Point,38.409391,-120.138533,2024-06-10,,Light Brown,Light Grey,Black,eBird - Casual Observation,,0,,,1,,,,
S145680795,Western Flycatcher (Pacific-slope),Empidonax difficilis [difficilis Group],16667,X,US-CA,Marin,L26214127,Ross Park,37.960511,-122.554295,2023-07-26,11:19 AM,Light Brown,Light Green,Black,eBird - Casual Observation,,0,,,1,,,,
S145107981,Black Phoebe,Sayornis nigricans,16688,X,US-KS,Brown,L26023516,Home,39.683228,-95.78558,2023-07-20,,White,Black ,Black,eBird - Casual Observation,,0,,,1,,,,
S145107617,Black Phoebe,Sayornis nigricans,16688,X,US-CA,Contra Costa,L26023043,Home,37.772798,-121.955052,2023-07-20,09:25 AM,White,Black ,Black,eBird - Casual Observation,,0,,,1,,,,
S145107915,Black Phoebe,Sayornis nigricans,16688,X,US-CA,Contra Costa,L26023043,Home,37.772798,-121.955052,2023-07-20,09:32 AM,White,Black ,Black,eBird - Casual Observation,,0,,,1,,,,
S146135251,Black Phoebe,Sayornis nigricans,16688,X,US-CA,Contra Costa,L26023043,Home,37.772798,-121.955052,2023-07-31,03:48 PM,White,Black ,Black,eBird - Casual Observation,,0,,,1,,,,
S154007704,Black Phoebe,Sayornis nigricans,16688,X,US-CA,Contra Costa,L26023043,Home,37.772798,-121.955052,2023-11-08,06:24 AM,White,Black ,Black,eBird - Casual Observation,,0,,,1,,,,
S153361541,Black Phoebe,Sayornis nigricans,16688,X,US-CA,Santa Clara,L27739827,Vineet’s,37.339059,-122.075193,2023-10-29,10:27 AM,White,Black ,Black,eBird - Casual Observation,,0,,,1,,,,
S171200796,Say's Phoebe,Sayornis saya,16699,X,US-CA,Contra Costa,L26291492,Home,37.772468,-121.954731,2024-04-30,,Orange,Grey,Black,eBird - Casual Observation,,0,,,1,,,,
S165884005,Rufous-naped Ground-Tyrant,Muscisaxicola rufivertex,16785,X,CL-AN,San Pedro de Atacama,L30066674,Pedras Rojas,-23.826387,-67.871055,2024-03-24,08:27 PM,Blue Grey,Chestnut,Black,eBird - Casual Observation,,0,,,1,,,,
S168586657,Cassin's Kingbird,Tyrannus vociferans,17146,X,US-CA,Monterey,L30507545,Hacienda,36.526046,-121.682563,2024-04-14,,Yellow,Grey,Grey,eBird - Casual Observation,,0,,,1,,,,
S168251418,Western Kingbird,Tyrannus verticalis,17152,X,US-CA,Monterey,L30507545,Hacienda,36.526046,-121.682563,2024-04-12,,Yellow,Blue Grey,Grey,eBird - Casual Observation,,0,,,1,,,,
S168251551,Western Kingbird,Tyrannus verticalis,17152,X,US-CA,Monterey,L30507545,Hacienda,36.526046,-121.682563,2024-04-12,,Yellow,Blue Grey,Grey,eBird - Casual Observation,,0,,,1,,,,
S168251726,Western Kingbird,Tyrannus verticalis,17152,X,US-CA,Monterey,L30507545,Hacienda,36.526046,-121.682563,2024-04-12,08:10 AM,Yellow,Blue Grey,Grey,eBird - Casual Observation,,0,,,1,,,,
S148771756,Yellow-throated Vireo,Vireo flavifrons,18867,X,US-MN,Crow Wing,L26866556,Karen’s House,46.472745,-93.949242,2023-09-02,09:14 AM,Grey,Yellow,Black,eBird - Casual Observation,,0,,,1,,,,
S145108279,Warbling Vireo,Vireo gilvus,18890,X,US-KS,Brown,L26023516,Home,39.683228,-95.78558,2023-07-20,,Light Green,Grey,Black,eBird - Casual Observation,,0,,,1,,,,
S148776515,Red-eyed Vireo,Vireo olivaceus,18910,X,US-MN,Crow Wing,L26893564,Beach Rd,46.474484,-93.934666,2023-09-02,09:39 AM,Light Green,Grey,Black,eBird - Casual Observation,,0,,,1,,,,
S147293178,Red-eyed Vireo,Vireo olivaceus,18910,X,CA-ON,Parry Sound,L26589448,Cottage,45.621053,-80.421,2023-08-15,,Light Green,Grey,Black,eBird - Casual Observation,,0,,,1,,,,
S147293529,Red-eyed Vireo,Vireo olivaceus,18910,X,CA-ON,Parry Sound,L26589448,Cottage,45.621053,-80.421,2023-08-15,08:15 AM,Light Green,Grey,Black,eBird - Casual Observation,,0,,,1,,,,
S145108100,Steller's Jay,Cyanocitta stelleri,20879,X,US-KS,Brown,L26023516,Home,39.683228,-95.78558,2023-07-20,,Blue,Black,Black,eBird - Casual Observation,,0,,,1,,,,
S146599556,Steller's Jay,Cyanocitta stelleri,20879,X,US-CA,Calaveras,L26428605,Cabin,38.247725,-120.344165,2023-08-06,08:17 AM,Blue,Black,Black,eBird - Casual Observation,,0,,,1,,,,
S155498029,Steller's Jay,Cyanocitta stelleri,20879,X,US-CA,Contra Costa,L26023043,Home,37.772798,-121.955052,2023-11-30,02:33 PM,Blue,Black,Black,eBird - Casual Observation,,0,,,1,,,,
S148404994,Blue Jay,Cyanocitta cristata,20899,X,US-MN,Hubbard,L26821489,Jim’s Cottage,47.00078,-94.924378,2023-08-29,03:00 PM,Blue,Light Blue,Black,eBird - Casual Observation,,0,,,1,,,,
S148598267,Blue Jay,Cyanocitta cristata,20899,X,US-MN,Hubbard,L26821489,Jim’s Cottage,47.00078,-94.924378,2023-08-31,09:04 AM,Blue,Light Blue,Black,eBird - Casual Observation,,0,,,1,,,,
S147385859,Blue Jay,Cyanocitta cristata,20899,X,CA-ON,Parry Sound,L26589448,Cottage,45.621053,-80.421,2023-08-16,06:57 AM,Blue,Light Blue,Black,eBird - Casual Observation,,0,,,1,,,,
S147589351,Blue Jay,Cyanocitta cristata,20899,X,CA-ON,Parry Sound,L26589448,Cottage,45.621053,-80.421,2023-08-19,07:17 AM,Blue,Light Blue,Black,eBird - Casual Observation,,0,,,1,,,,
S146686696,California Scrub-Jay,Aphelocoma californica,20908,X,US-CA,Contra Costa,L26023043,Home,37.772798,-121.955052,2023-08-07,07:38 AM,Light Blue,Blue,Black,eBird - Casual Observation,,0,,,1,,,,
S150415441,Eurasian Magpie,Pica pica,21076,X,IT-21,,L27159599,Stresa,45.885627,8.535828,2023-09-21,,Blue Grey,Black,Black,eBird - Casual Observation,,0,,,1,,,,
S171996643,Black-billed Magpie,Pica hudsonia,21085,X,US-MT,Beaverhead,L31275469,Beaverhead Lodge,45.220374,-112.640288,2024-05-04,,Blue Grey,Black,Black,eBird - Casual Observation,,0,,,1,,,,
S168474245,Yellow-billed Magpie,Pica nuttalli,21086,X,US-CA,Monterey,L30604624,Hacienda,36.532964,-121.6707,2024-04-13,03:13 PM,Blue Grey,Black,Black,eBird - Casual Observation,,0,,,1,,,,
S189426798,Clark's Nutcracker,Nucifraga columbiana,21093,X,US-CA,Alpine,L35291743,Moke Wilderness,38.49891,-119.978423,2024-07-29,,Blue Grey,Grey,Black,eBird - Casual Observation,,0,,,1,,,,
S156250606,American Crow,Corvus brachyrhynchos,21168,X,US-CA,Contra Costa,L26023043,Home,37.772798,-121.955052,2023-12-13,09:32 AM,Black,Black,Black,eBird - Casual Observation,,0,,,1,,,,
S145063912,American Crow,Corvus brachyrhynchos,21168,X,US-CA,Contra Costa,L26059772,Iron Horse Middle School,37.770421,-121.956619,2023-07-19,07:01 PM,Black,Black,Black,eBird - Casual Observation,,0,,,1,,,,
S148598281,American Crow,Corvus brachyrhynchos,21168,X,US-MN,Hubbard,L26821489,Jim’s Cottage,47.00078,-94.924378,2023-08-31,09:04 AM,Black,Black,Black,eBird - Casual Observation,,0,,,1,,,,
S184367290,Fish Crow,Corvus ossifragus,21181,X,US-NC,Dare,L34059311,Jockeys Ridge,35.964705,-75.632216,2024-06-29,,Black,Black,Black,eBird - Casual Observation,,0,,,1,,,,
S150584690,Carrion Crow,Corvus corone,21186,X,CH-VS,,L27219479,Furi,46.000969,7.7279,2023-09-23,01:34 PM,Black,Black,Black,eBird - Casual Observation,,0,,,1,,,,
S150531380,Hooded Crow,Corvus cornix,21189,X,IT-21,,L27159599,Stresa,45.885627,8.535828,2023-09-23,,Grey,Black,Black,eBird - Casual Observation,,0,,,1,,,,
S157988499,Common Raven,Corvus corax,21235,X,US-CA,Calaveras,L26428605,Cabin,38.247725,-120.344165,2024-01-03,03:50 PM,Black,Black,Black,eBird - Casual Observation,,0,,,1,,,,
S148771317,Black-capped Chickadee,Poecile atricapillus,21676,X,US-MN,Crow Wing,L26866556,Karen’s House,46.472745,-93.949242,2023-09-02,09:13 AM,Grey,Black,Black,eBird - Casual Observation,,0,,,1,,,,
S148404987,Black-capped Chickadee,Poecile atricapillus,21676,X,US-MN,Hubbard,L26821489,Jim’s Cottage,47.00078,-94.924378,2023-08-29,03:00 PM,Grey,Black,Black,eBird - Casual Observation,,0,,,1,,,,
S147384562,Black-capped Chickadee,Poecile atricapillus,21676,X,CA-ON,Parry Sound,L26589448,Cottage,45.621053,-80.421,2023-08-16,06:20 AM,Grey,Black,Black,eBird - Casual Observation,,0,,,1,,,,
S146590075,Mountain Chickadee,Poecile gambeli,21688,X,US-CA,Calaveras,L26428605,Cabin,38.247725,-120.344165,2023-08-06,06:59 AM,Grey,Black,Black,eBird - Casual Observation,,0,,,1,,,,
S158028464,Mountain Chickadee,Poecile gambeli,21688,X,US-CA,Calaveras,L28621470,Gertrude,38.246769,-120.341179,2024-01-04,07:44 AM,Grey,Black,Black,eBird - Casual Observation,,0,,,1,,,,
S144915463,Chestnut-backed Chickadee,Poecile rufescens,21705,X,US-KS,Brown,L26023516,Home,39.683228,-95.78558,2023-07-18,,Chestnut,Brown,Grey,eBird - Casual Observation,,0,,,1,,,,
S145539099,Chestnut-backed Chickadee,Poecile rufescens,21705,X,US-CA,Contra Costa,L26023043,Home,37.772798,-121.955052,2023-07-24,04:42 PM,Chestnut,Brown,Grey,eBird - Casual Observation,,0,,,1,,,,
S146135216,Chestnut-backed Chickadee,Poecile rufescens,21705,X,US-CA,Contra Costa,L26023043,Home,37.772798,-121.955052,2023-07-31,03:48 PM,Chestnut,Brown,Grey,eBird - Casual Observation,,0,,,1,,,,
S156250614,Chestnut-backed Chickadee,Poecile rufescens,21705,X,US-CA,Contra Costa,L26023043,Home,37.772798,-121.955052,2023-12-13,09:32 AM,Chestnut,Brown,Grey,eBird - Casual Observation,,0,,,1,,,,
S145281285,Oak Titmouse,Baeolophus inornatus,21761,X,US-CA,Contra Costa,L26023043,Home,37.772798,-121.955052,2023-07-22,08:12 AM,Grey,Light Brown,Grey,eBird - Casual Observation,,0,,,1,,,,
S146135238,Oak Titmouse,Baeolophus inornatus,21761,X,US-CA,Contra Costa,L26023043,Home,37.772798,-121.955052,2023-07-31,03:48 PM,Grey,Light Brown,Grey,eBird - Casual Observation,,0,,,1,,,,
S153054059,Oak Titmouse,Baeolophus inornatus,21761,X,US-CA,Contra Costa,L26023043,Home,37.772798,-121.955052,2023-10-25,12:23 PM,Grey,Light Brown,Grey,eBird - Casual Observation,,0,,,1,,,,
S153202286,Oak Titmouse,Baeolophus inornatus,21761,X,US-CA,Contra Costa,L26023043,Home,37.772798,-121.955052,2023-10-27,03:23 PM,Grey,Light Brown,Grey,eBird - Casual Observation,,0,,,1,,,,
S156250701,Oak Titmouse,Baeolophus inornatus,21761,X,US-CA,Contra Costa,L26023043,Home,37.772798,-121.955052,2023-12-13,09:32 AM,Grey,Light Brown,Grey,eBird - Casual Observation,,0,,,1,,,,
S173212206,Tufted Titmouse,Baeolophus bicolor,21771,X,US-CT,New London,L31511996,Dennison Homestead,41.362597,-71.9461,2024-05-09,12:46 PM,White,Grey,Black,eBird - Casual Observation,,0,,,1,,,,
S150121656,Violet-green Swallow,Tachycineta thalassina,23659,X,US-CA,Contra Costa,L26291492,Home,37.772468,-121.954731,2023-09-17,,Green,White,Black,eBird - Casual Observation,,0,,,1,,,,
S146512461,Barn Swallow,Hirundo rustica,23772,X,US-CA,Calaveras,L26409660,Arnold Meadowmont,38.239785,-120.363327,2023-08-05,10:15 AM,Blue,Chestnut,Black,eBird - Casual Observation,,0,,,1,,,,
S160210140,Bushtit,Psaltriparus minimus,24829,X,US-CA,Contra Costa,L26291492,Home,37.772468,-121.954731,2024-01-30,,White,Grey,Black,eBird - Casual Observation,,0,,,1,,,,
S168007607,Wrentit,Chamaea fasciata,25004,X,US-CA,Monterey,L30507545,Hacienda,36.526046,-121.682563,2024-04-10,,Light Brown ,Grey,Black,eBird - Casual Observation,,0,,,1,,,,
S168007197,Wrentit,Chamaea fasciata,25004,X,US-CA,Monterey,L30507545,Hacienda,36.526046,-121.682563,2024-04-10,08:27 AM,Light Brown ,Grey,Black,eBird - Casual Observation,,0,,,1,,,,
S153442894,Ruby-crowned Kinglet,Corthylio calendula,26391,X,US-CA,Contra Costa,L26291492,Home,37.772468,-121.954731,2023-10-30,,Light Grey,Red,Black,eBird - Casual Observation,,0,,,1,,,,
S148771268,White-breasted Nuthatch,Sitta carolinensis,26436,X,US-MN,Crow Wing,L26866556,Karen’s House,46.472745,-93.949242,2023-09-02,09:13 AM,Blue Grey,White,Black,eBird - Casual Observation,,0,,,1,,,,
S148446432,White-breasted Nuthatch,Sitta carolinensis,26436,X,US-MN,Hubbard,L26821489,Jim’s Cottage,47.00078,-94.924378,2023-08-30,09:12 AM,Blue Grey,White,Black,eBird - Casual Observation,,0,,,1,,,,
S147386070,White-breasted Nuthatch,Sitta carolinensis,26436,X,CA-ON,Parry Sound,L26604930,Cottage,45.620504,-80.420971,2023-08-16,07:05 AM,Blue Grey,White,Black,eBird - Casual Observation,,0,,,1,,,,
S150120450,Red-breasted Nuthatch,Sitta canadensis,26484,X,US-KS,Cloud,L27131159,Home,39.558246,-97.51876,2023-09-17,,Chestnut,Blue Grey,Brown,eBird - Casual Observation,,0,,,1,,,,
S156250657,Red-breasted Nuthatch,Sitta canadensis,26484,X,US-CA,Contra Costa,L26023043,Home,37.772798,-121.955052,2023-12-13,09:32 AM,Chestnut,Blue Grey,Brown,eBird - Casual Observation,,0,,,1,,,,
S150584622,Eurasian Treecreeper,Certhia familiaris,26548,X,CH-VS,,L27219454,Zermatt,46.015869,7.743,2023-09-23,01:05 PM,Chestnut,Grey,Grey,eBird - Casual Observation,,0,,,1,,,,
S146001232,Brown Creeper,Certhia americana,26564,X,US-CA,Contra Costa,L26291492,Home,37.772468,-121.954731,2023-07-30,,White,Brown,Brown,eBird - Casual Observation,,0,,,1,,,,
S147293032,House Wren,Troglodytes aedon,26737,X,CA-ON,Parry Sound,L26589448,Cottage,45.621053,-80.421,2023-08-15,08:09 AM,Chestnut,Chestnut,Brown,eBird - Casual Observation,,0,,,1,,,,
S150025978,Marsh Wren,Cistothorus palustris,26878,X,US-CA,Alameda,L27112720,Hayward Seashore,37.677922,-122.166581,2023-09-16,09:23 AM,Chestnut,Light Brown,Brown,eBird - Casual Observation,,0,,,1,,,,
S152035272,Carolina Wren,Thryothorus ludovicianus,26897,X,US-NC,Dare,L27486752,Kyle’s,35.575762,-75.463815,2023-10-12,04:28 PM,Chestnut,Brown,Pink,eBird - Casual Observation,,0,,,1,,,,
S145062548,Bewick's Wren,Thryomanes bewickii,26911,X,US-CA,Contra Costa,L26023043,Home,37.772798,-121.955052,2023-07-19,06:30 PM,Light Grey,Brown,Pink,eBird - Casual Observation,,0,,,1,,,,
S168489268,European Starling,Sturnus vulgaris,27356,X,US-CA,Monterey,L30507545,Hacienda,36.526046,-121.682563,2024-04-13,05:43 PM,Blue Grey,Black,Orange,eBird - Casual Observation,,0,,,1,,,,
S183503546,Gray Catbird,Dumetella carolinensis,27539,X,US-NC,Currituck,L33850856,Corolla House,36.355016,-75.820586,2024-06-24,,Grey,Grey,Pink,eBird - Casual Observation,,0,,,1,,,,
S152026643,Northern Mockingbird,Mimus polyglottos,27652,X,US-NC,Dare,L27486752,Kyle’s,35.575762,-75.463815,2023-10-12,02:09 PM,White,Grey,Black,eBird - Casual Observation,,0,,,1,,,,
S152097697,Northern Mockingbird,Mimus polyglottos,27652,X,US-NC,Dare,L27486752,Kyle’s,35.575762,-75.463815,2023-10-13,03:35 PM,White,Grey,Black,eBird - Casual Observation,,0,,,1,,,,
S154981191,Northern Mockingbird,Mimus polyglottos,27652,X,US-DC,District of Columbia,L28038210,Botanical Garden,38.888428,-77.01486,2023-11-22,01:57 PM,White,Grey,Black,eBird - Casual Observation,,0,,,1,,,,
S160900070,Hermit Thrush,Catharus guttatus,27866,X,US-CA,Contra Costa,L29144138,Bollinger Hill,37.769581,-121.946174,2024-02-07,05:06 PM,Chestnut,Light Brown,Brown,eBird - Casual Observation,,0,,,1,,,,
S152830678,Hermit Thrush,Catharus guttatus,27866,X,US-CA,Contra Costa,L26291492,Home,37.772468,-121.954731,2023-10-22,,Chestnut,Light Brown,Brown,eBird - Casual Observation,,0,,,1,,,,
S153399216,Hermit Thrush,Catharus guttatus,27866,X,US-CA,Contra Costa,L26023043,Home,37.772798,-121.955052,2023-10-30,08:37 AM,Chestnut,Light Brown,Brown,eBird - Casual Observation,,0,,,1,,,,
S156114571,Hermit Thrush,Catharus guttatus,27866,X,US-CA,Contra Costa,L26023043,Home,37.772798,-121.955052,2023-12-10,04:37 PM,Chestnut,Light Brown,Brown,eBird - Casual Observation,,0,,,1,,,,
S144915614,American Robin,Turdus migratorius,28096,X,US-KS,Brown,L26023516,Home,39.683228,-95.78558,2023-07-18,,Chestnut,Black,Pink,eBird - Casual Observation,,0,,,1,,,,
S146135295,American Robin,Turdus migratorius,28096,X,US-KS,Brown,L26023516,Home,39.683228,-95.78558,2023-07-31,,Chestnut,Black,Pink,eBird - Casual Observation,,0,,,1,,,,
S146428075,American Robin,Turdus migratorius,28096,X,US-CA,Contra Costa,L26023043,Home,37.772798,-121.955052,2023-08-04,10:36 AM,Chestnut,Black,Pink,eBird - Casual Observation,,0,,,1,,,,
S146659547,American Robin,Turdus migratorius,28096,X,US-CA,Contra Costa,L26023043,Home,37.772798,-121.955052,2023-08-06,08:07 PM,Chestnut,Black,Pink,eBird - Casual Observation,,0,,,1,,,,
S156250596,American Robin,Turdus migratorius,28096,X,US-CA,Contra Costa,L26023043,Home,37.772798,-121.955052,2023-12-13,09:32 AM,Chestnut,Black,Pink,eBird - Casual Observation,,0,,,1,,,,
S148771291,American Robin,Turdus migratorius,28096,X,US-MN,Crow Wing,L26866556,Karen’s House,46.472745,-93.949242,2023-09-02,09:13 AM,Chestnut,Black,Pink,eBird - Casual Observation,,0,,,1,,,,
S165951749,Chiguanco Thrush,Turdus chiguanco,28151,X,CL-AN,San Pedro de Atacama,L30074065,Poblado Kimal,-22.912124,-68.20244,2024-03-25,,Grey,Grey,Orange,eBird - Casual Observation,,0,,,1,,,,
S150584597,European Robin,Erithacus rubecula,28756,X,CH-VS,,L27219454,Zermatt,46.015869,7.743,2023-09-23,01:05 PM,Grey,Chestnut,Pink,eBird - Casual Observation,,0,,,1,,,,
S150326778,Black Redstart,Phoenicurus ochruros,29117,X,IT-21,,L27169511,Lego D Orta,45.796795,8.40647,2023-09-20,02:25 PM,Chestnut ,Grey,Black,eBird - Casual Observation,,0,,,1,,,,
S159835766,Cedar Waxwing,Bombycilla cedrorum,29386,X,US-CA,Contra Costa,L26291492,Home,37.772468,-121.954731,2024-01-26,,Grey,Chestnut,Black,eBird - Casual Observation,,0,,,1,,,,
S163799572,Cedar Waxwing,Bombycilla cedrorum,29386,X,US-CA,Contra Costa,L26023043,Home,37.772798,-121.955052,2024-03-05,08:59 AM,Grey,Chestnut,Black,eBird - Casual Observation,,0,,,1,,,,
S149460080,House Sparrow,Passer domesticus,31018,X,US-KS,Brown,L26023516,Home,39.683228,-95.78558,2023-09-09,,Light Brown,Chestnut,Brown,eBird - Casual Observation,,0,,,1,,,,
S165923628,House Sparrow,Passer domesticus,31018,X,CL-AN,San Pedro de Atacama,L30074065,Poblado Kimal,-22.912124,-68.20244,2024-03-25,,Light Brown,Chestnut,Brown,eBird - Casual Observation,,0,,,1,,,,
S150272536,Italian Sparrow,Passer italiae,31033,X,IT-21,,L27159599,Stresa,45.885627,8.535828,2023-09-19,05:43 PM,Light Brown,Brown,Pink,eBird - Casual Observation,,0,,,1,,,,
S151453808,White Wagtail,Motacilla alba,31202,X,IT-42,,L27380867,Riomaggiore,44.100582,9.739,2023-09-27,10:47 AM,Grey,White,Black,eBird - Casual Observation,,0,,,1,,,,
S150584730,Common Chaffinch,Fringilla coelebs,31427,X,CH-VS,,L27219479,Furi,46.000969,7.7279,2023-09-23,01:36 PM,Chestnut,Grey,Brown,eBird - Casual Observation,,0,,,1,,,,
S144913350,House Finch,Haemorhous mexicanus,31790,X,US-CA,Contra Costa,L26023043,Home,37.772798,-121.955052,2023-07-18,06:54 AM,Grey,Red,Black,eBird - Casual Observation,,0,,,1,,,,
S146135226,House Finch,Haemorhous mexicanus,31790,X,US-CA,Contra Costa,L26023043,Home,37.772798,-121.955052,2023-07-31,03:48 PM,Grey,Red,Black,eBird - Casual Observation,,0,,,1,,,,
S147402993,Red Crossbill,Loxia curvirostra,31977,X,CA-ON,Parry Sound,L26608321,Granite Road,45.622181,-80.409859,2023-08-16,11:12 AM,Black,Orange,Black,eBird - Casual Observation,,0,,,1,,,,
S159835828,Pine Siskin,Spinus pinus,32073,X,US-CA,Contra Costa,L26023043,Home,37.772798,-121.955052,2024-01-26,,Brown,Yellow,Black,eBird - Casual Observation,,0,,,1,,,,
S144915791,Lesser Goldfinch,Spinus psaltria,32087,X,US-KS,Brown,L26023516,Home,39.683228,-95.78558,2023-07-18,,Yellow,Black,Black,eBird - Casual Observation,,0,,,1,,,,
S146135207,Lesser Goldfinch,Spinus psaltria,32087,X,US-CA,Contra Costa,L26023043,Home,37.772798,-121.955052,2023-07-31,03:48 PM,Yellow,Black,Black,eBird - Casual Observation,,0,,,1,,,,
S149459402,Lesser Goldfinch,Spinus psaltria,32087,X,US-CA,Contra Costa,L26023043,Home,37.772798,-121.955052,2023-09-09,10:41 AM,Yellow,Black,Black,eBird - Casual Observation,,0,,,1,,,,
S169464599,Lawrence's Goldfinch,Spinus lawrencei,32094,X,US-CA,Contra Costa,L26291492,Home,37.772468,-121.954731,2024-04-20,,Grey,Black,Black,eBird - Casual Observation,,0,,,1,,,,
S147386595,American Goldfinch,Spinus tristis,32095,X,CA-ON,Parry Sound,L26604930,Cottage,45.620504,-80.420971,2023-08-16,07:16 AM,Yellow,Black,Pink,eBird - Casual Observation,,0,,,1,,,,
S148771838,Chipping Sparrow,Spizella passerina,32460,X,US-MN,Crow Wing,L26866556,Karen’s House,46.472745,-93.949242,2023-09-02,09:14 AM,Brown,Chestnut,Pink,eBird - Casual Observation,,0,,,1,,,,
S184369711,Field Sparrow,Spizella pusilla,32473,X,US-NC,Dare,L34059311,Jockeys Ridge,35.964705,-75.632216,2024-06-29,,Grey,Brown,Pink,eBird - Casual Observation,,0,,,1,,,,
S168474572,Lark Sparrow,Chondestes grammacus,32500,X,US-CA,Monterey,L30604624,Hacienda,36.532964,-121.6707,2024-04-13,03:57 PM,Light Brown,Brown,Pink,eBird - Casual Observation,,0,,,1,,,,
S180616920,Fox Sparrow,Passerella iliaca,32571,X,US-CA,Calaveras,L33138485,Vista Point,38.409391,-120.138533,2024-06-10,,Chestnut,Grey,Pink,eBird - Casual Observation,,0,,,1,,,,
S144915861,Dark-eyed Junco,Junco hyemalis,32595,X,US-KS,Brown,L26023516,Home,39.683228,-95.78558,2023-07-18,,White,Grey,Black,eBird - Casual Observation,,0,,,1,,,,
S147177979,Dark-eyed Junco,Junco hyemalis,32595,X,US-CA,Contra Costa,L26023043,Home,37.772798,-121.955052,2023-08-13,01:32 PM,White,Grey,Black,eBird - Casual Observation,,0,,,1,,,,
S156250687,Dark-eyed Junco,Junco hyemalis,32595,X,US-CA,Contra Costa,L26023043,Home,37.772798,-121.955052,2023-12-13,09:32 AM,White,Grey,Black,eBird - Casual Observation,,0,,,1,,,,
S165378951,Rufous-collared Sparrow,Zonotrichia capensis,32629,X,CL-RM,San José de Maipo,L29968257,Maipo Hot Springs,-33.669706,-70.347829,2024-03-20,03:09 PM,Brown,Grey,Light Brown,eBird - Casual Observation,,0,,,1,,,,
S160036552,White-crowned Sparrow,Zonotrichia leucophrys,32658,X,US-CA,Solano,L28987569,Rush Ranch,38.20882,-122.025508,2024-01-28,,Brown,Black,Light Brown,eBird - Casual Observation,,0,,,1,,,,
S168474455,Golden-crowned Sparrow,Zonotrichia atricapilla,32667,X,US-CA,Monterey,L30604624,Hacienda,36.532964,-121.6707,2024-04-13,03:57 PM,Brown,Yellow,Light Brown,eBird - Casual Observation,,0,,,1,,,,
S155110554,White-throated Sparrow,Zonotrichia albicollis,32672,X,US-MD,Prince George's,L28064092,UMD,38.991309,-76.935434,2023-11-24,,Light Brown,Grey,Light Brown,eBird - Casual Observation,,0,,,1,,,,
S158880873,Song Sparrow,Melospiza melodia,32748,X,US-CA,Contra Costa,L26023043,Home,37.772798,-121.955052,2024-01-14,08:30 AM,Brown,Light Brown,Light Brown,eBird - Casual Observation,,0,,,1,,,,
S145062435,California Towhee,Melozone crissalis,32821,X,US-CA,Contra Costa,L26023043,Home,37.772798,-121.955052,2023-07-19,06:30 PM,Grey,Light Brown,Black,eBird - Casual Observation,,0,,,1,,,,
S145187479,California Towhee,Melozone crissalis,32821,X,US-CA,Contra Costa,L26023043,Home,37.772798,-121.955052,2023-07-21,08:23 AM,Grey,Light Brown,Black,eBird - Casual Observation,,0,,,1,,,,
S146659538,California Towhee,Melozone crissalis,32821,X,US-CA,Contra Costa,L26023043,Home,37.772798,-121.955052,2023-08-06,08:07 PM,Grey,Light Brown,Black,eBird - Casual Observation,,0,,,1,,,,
S180617121,Green-tailed Towhee,Pipilo chlorurus,32859,X,US-CA,Calaveras,L33138485,Vista Point,38.409391,-120.138533,2024-06-10,,Light Green,Chestnut,Black,eBird - Casual Observation,,0,,,1,,,,
S158409067,Spotted Towhee,Pipilo maculatus,32860,X,US-CA,Contra Costa,L28695938,Home,37.769401,-121.95288,2024-01-07,,Orange,Black,Light Brown,eBird - Casual Observation,,0,,,1,,,,
S145680914,Spotted Towhee,Pipilo maculatus,32860,X,US-KS,Washington,L26214164,Ross Park,39.587461,-97.290515,2023-07-26,,Orange,Black,Light Brown,eBird - Casual Observation,,0,,,1,,,,
S160042886,Western Meadowlark,Sturnella neglecta,33041,X,US-CA,Solano,L28988872,Suisun Hill,38.213649,-122.023239,2024-01-28,11:11 AM,Brown,Yellow,Light Brown,eBird - Casual Observation,,0,,,1,,,,
S168005520,Hooded Oriole,Icterus cucullatus,33156,X,US-CA,Monterey,L30507545,Hacienda,36.526046,-121.682563,2024-04-10,,Black,Orange,Black,eBird - Casual Observation,,0,,,1,,,,
S168489353,Bullock's Oriole,Icterus bullockii,33210,X,US-CA,Monterey,L30507545,Hacienda,36.526046,-121.682563,2024-04-13,05:43 PM,Black,Orange,Black,eBird - Casual Observation,,0,,,1,,,,
S159487816,Red-winged Blackbird,Agelaius phoeniceus,33251,X,US-CA,Contra Costa,L28887216,Crow Canyon Commons,37.777745,-121.970038,2024-01-21,01:13 PM,Red,Black,Black,eBird - Casual Observation,,0,,,1,,,,
S145281950,Brown-headed Cowbird,Molothrus ater,33307,X,US-CA,Contra Costa,L26023043,Home,37.772798,-121.955052,2023-07-22,08:16 AM,Blue Grey,Brown,Black,eBird - Casual Observation,,0,,,1,,,,
S147878924,Brewer's Blackbird,Euphagus cyanocephalus,33325,X,US-CA,Alameda,L26712950,Calliope Golf Course,37.627123,-121.860761,2023-08-22,02:57 PM,Black,Black,Black,eBird - Casual Observation,,0,,,1,,,,
S152072033,Boat-tailed Grackle,Quiscalus major,33332,X,US-NC,Dare,L27495189,Campground Beach,35.578218,-75.461598,2023-10-13,09:40 AM,Blue Grey,Black,Black,eBird - Casual Observation,,0,,,1,,,,
S160549969,Great-tailed Grackle,Quiscalus mexicanus,33338,X,US-NV,Elko,L29080897,Stockmans,40.831427,-115.762639,2024-02-03,02:20 PM,Blue Grey,Black,Black,eBird - Casual Observation,,0,,,1,,,,
S165480057,Austral Blackbird,Curaeus curaeus,33383,X,CL-RM,Providencia,L29986322,Sanhattan,-33.426967,-70.617235,2024-03-21,12:03 PM,Blue Grey,Black,Black,eBird - Casual Observation,,0,,,1,,,,
S147293144,Common Yellowthroat,Geothlypis trichas,33499,X,CA-ON,Parry Sound,L26589448,Cottage,45.621053,-80.421,2023-08-15,,Yellow,Black,Light Brown,eBird - Casual Observation,,0,,,1,,,,
S173212127,American Redstart,Setophaga ruticilla,33529,X,US-CT,New London,L31511996,Dennison Homestead,41.362597,-71.9461,2024-05-09,12:46 PM,Orange,Black,Black,eBird - Casual Observation,,0,,,1,,,,
S147385329,Cape May Warbler,Setophaga tigrina,33531,X,CA-ON,Parry Sound,L26589448,Cottage,45.621053,-80.421,2023-08-16,06:42 AM,Yellow ,Grey ,Black,eBird - Casual Observation,,0,,,1,,,,
S173210790,Northern Parula,Setophaga americana,33534,X,US-MA,Worcester,L31511739,Bancroft Tower,42.276265,-71.815244,2024-05-10,10:43 AM,Yellow,Blue Grey,Light Brown,eBird - Casual Observation,,0,,,1,,,,
S147386013,Magnolia Warbler,Setophaga magnolia,33550,X,CA-ON,Parry Sound,L26589448,Cottage,45.621053,-80.421,2023-08-16,07:04 AM,Yellow ,Grey,Light Brown,eBird - Casual Observation,,0,,,1,,,,
S152706435,Palm Warbler,Setophaga palmarum,33611,X,BS-MH,,L27613774,Cricketers,26.669528,-77.110376,2023-10-17,,Yellow,Chestnut,Light Brown,eBird - Casual Observation,,0,,,1,,,,
S152830868,Yellow-rumped Warbler,Setophaga coronata,33622,X,US-CA,Contra Costa,L26023043,Home,37.772798,-121.955052,2023-10-22,,Grey,Light Brown,Black,eBird - Casual Observation,,0,,,1,,,,
S156250589,Yellow-rumped Warbler,Setophaga coronata,33622,X,US-CA,Contra Costa,L26023043,Home,37.772798,-121.955052,2023-12-13,09:32 AM,Grey,Light Brown,Black,eBird - Casual Observation,,0,,,1,,,,
S147385966,Black-throated Green Warbler,Setophaga virens,33675,X,CA-ON,Parry Sound,L26604930,Cottage,45.620504,-80.420971,2023-08-16,07:00 AM,Black,Yellow,Black,eBird - Casual Observation,,0,,,1,,,,
S146135335,Western Tanager,Piranga ludoviciana,33892,X,US-KS,Brown,L26023516,Home,39.683228,-95.78558,2023-07-31,,Yellow,Red,Black,eBird - Casual Observation,,0,,,1,,,,
S146135156,Western Tanager,Piranga ludoviciana,33892,X,US-CA,Contra Costa,L26023043,Home,37.772798,-121.955052,2023-07-31,03:48 PM,Yellow,Red,Black,eBird - Casual Observation,,0,,,1,,,,
S152035188,Northern Cardinal,Cardinalis cardinalis,33967,X,US-NC,Dare,L27486752,Kyle’s,35.575762,-75.463815,2023-10-12,04:26 PM,Red,Red,Black,eBird - Casual Observation,,0,,,1,,,,
S152035110,Northern Cardinal,Cardinalis cardinalis,33967,X,US-NC,Dare,L27488034,Kyle’s Beach,35.575278,-75.461595,2023-10-12,,Red,Red,Black,eBird - Casual Observation,,0,,,1,,,,
S165884223,Black-hooded Sierra Finch,Phrygilus atriceps,34788,X,CL-AN,San Pedro de Atacama,L30066881,Pedras Rojas,-23.814944,-67.876409,2024-03-24,08:32 PM,Yellow,Black,Light Brown,eBird - Casual Observation,,0,,,1,,,,
S165378778,Gray-hooded Sierra Finch,Phrygilus gayi,34792,X,CL-RM,San José de Maipo,L29968257,Maipo Hot Springs,-33.669706,-70.347829,2024-03-20,03:06 PM,Yellow,Grey,Light Brown,eBird - Casual Observation,,0,,,1,,,,
S166048271,Red-backed Sierra Finch,Idiopsar dorsalis,34814,X,CL-AN,San Pedro de Atacama,L30097862,Vado Rio Putana,-22.497637,-68.06354,2024-03-26,01:01 PM,Chestnut,Grey,Black,eBird - Casual Observation,,0,,,1,,,,
S165712177,Greenish Yellow-Finch,Sicalis olivascens,34908,X,CL-AN,San Pedro de Atacama,L30030960,Petroglyphs,-22.701523,-68.288044,2024-03-23,02:33 PM,Yellow,Light Green,Light Brown,eBird - Casual Observation,,0,,,1,,,,